{"cameraMode":{"drawMode":0,"name":"Shaded","section":"Shading Mode"},"sceneLighting":false,"audioPlay":false,"sceneViewState":{"m_AlwaysRefresh":false,"showFog":true,"showSkybox":false,"showFlares":true,"showImageEffects":true,"showParticleSystems":true,"showVisualEffectGraphs":true,"m_FxEnabled":true},"in2DMode":false,"pivot":{"x":0.8673152923583984,"y":4.627035140991211,"z":0.20763587951660157},"rotation":{"x":-0.11020437628030777,"y":0.885253369808197,"z":-0.2683314085006714,"w":-0.36357635259628298},"size":15.813745498657227,"orthographic":false}